wordID,generatedBy,wordGroup,timeToSuccess,itKnowledge,gamePoints,attempts,rating,guessedNumeric,guessed,Name
a1-love,gpt,abstract,,2,5,7,5,0,FALSE,-N_gyEG8YyGTYeDq2zNu
a2-truth,gpt,abstract,14.697,2,5,1,5,1,TRUE,-N_gyEG8YyGTYeDq2zNu
h10-pleasure,human,abstract,5.782,2,5,1,5,1,TRUE,-N_gyEG8YyGTYeDq2zNu
h34-relaxed,human,emotion,6.989,2,5,1,5,1,TRUE,-N_gyEG8YyGTYeDq2zNu
a25-decryption,gpt,IT,,2,5,1,2,0,FALSE,-N_gyEG8YyGTYeDq2zNu
h21-server,human,IT,,2,5,4,3,0,FALSE,-N_gyEG8YyGTYeDq2zNu
a16-chair,gpt,simple,8.168,2,5,3,4,1,TRUE,-N_gyEG8YyGTYeDq2zNu
h12-desk,human,simple,7.398,2,5,1,5,1,TRUE,-N_gyEG8YyGTYeDq2zNu
a8-forgiveness,gpt,abstract,14.164,7,5,2,3,1,TRUE,-N_ilzyHJBnknLH2OSMS
h5-happiness,human,abstract,,7,5,4,2,0,FALSE,-N_ilzyHJBnknLH2OSMS
a31-sad,gpt,emotion,5.538,7,5,1,2,1,TRUE,-N_ilzyHJBnknLH2OSMS
h35-fear,human,emotion,6.697,7,5,1,3,1,TRUE,-N_ilzyHJBnknLH2OSMS
a27-framework,gpt,IT,,7,5,0,1,0,FALSE,-N_ilzyHJBnknLH2OSMS
h30-compiler,human,IT,6.001,7,5,1,4,1,TRUE,-N_ilzyHJBnknLH2OSMS
a20-tv,gpt,simple,6.392,7,5,1,5,1,TRUE,-N_ilzyHJBnknLH2OSMS
h11-bag,human,simple,,7,5,3,3,0,FALSE,-N_ilzyHJBnknLH2OSMS
a2-truth,gpt,abstract,,7,7,1,1,0,FALSE,-N_inJLt_nPSheAxe1RQ
h9-empathy,human,abstract,11.985,7,7,2,3,1,TRUE,-N_inJLt_nPSheAxe1RQ
a34-relaxed,gpt,emotion,18.334,7,7,1,2,1,TRUE,-N_inJLt_nPSheAxe1RQ
h40-satisfied,human,emotion,3.789,7,7,1,4,1,TRUE,-N_inJLt_nPSheAxe1RQ
a23-hardware,gpt,IT,4.698,7,7,1,4,1,TRUE,-N_inJLt_nPSheAxe1RQ
h22-download,human,IT,2.67,7,7,1,5,1,TRUE,-N_inJLt_nPSheAxe1RQ
a15-container,gpt,simple,2.912,7,7,1,3,1,TRUE,-N_inJLt_nPSheAxe1RQ
h17-lamp,human,simple,7.473,7,7,2,4,1,TRUE,-N_inJLt_nPSheAxe1RQ
a7-reason,gpt,abstract,5.685,2,4,1,2,1,TRUE,-N_kAK7F2DVPJgdXbBGm
h9-empathy,human,abstract,,2,4,1,1,0,FALSE,-N_kAK7F2DVPJgdXbBGm
a31-sad,gpt,emotion,7.432,2,4,1,2,1,TRUE,-N_kAK7F2DVPJgdXbBGm
h39-gratitude,human,emotion,,2,4,4,1,0,FALSE,-N_kAK7F2DVPJgdXbBGm
a24-array,gpt,IT,,2,4,1,1,0,FALSE,-N_kAK7F2DVPJgdXbBGm
h30-compiler,human,IT,,2,4,0,1,0,FALSE,-N_kAK7F2DVPJgdXbBGm
a18-pencil,gpt,simple,10.218,2,4,1,2,1,TRUE,-N_kAK7F2DVPJgdXbBGm
h17-lamp,human,simple,4.486,2,4,1,5,1,TRUE,-N_kAK7F2DVPJgdXbBGm
a3-prejudice,gpt,abstract,,1,4,0,1,0,FALSE,-N_kC41UxDSM0wyFSDEE
h9-empathy,human,abstract,13.545,1,4,2,3,1,TRUE,-N_kC41UxDSM0wyFSDEE
a38-joy,gpt,emotion,,1,4,2,1,0,FALSE,-N_kC41UxDSM0wyFSDEE
h33-shock,human,emotion,,1,4,6,1,0,FALSE,-N_kC41UxDSM0wyFSDEE
a26-firewall,gpt,IT,,1,4,0,1,0,FALSE,-N_kC41UxDSM0wyFSDEE
h21-server,human,IT,12.477,1,4,1,3,1,TRUE,-N_kC41UxDSM0wyFSDEE
a12-desk,gpt,simple,8.821,1,4,1,2,1,TRUE,-N_kC41UxDSM0wyFSDEE
h18-pencil,human,simple,7.45,1,4,3,3,1,TRUE,-N_kC41UxDSM0wyFSDEE
a2-truth,gpt,abstract,,8,4,1,1,0,FALSE,-N_mRRcfCETgfdK9YaN-
h8-forgiveness,human,abstract,13.086,8,4,1,5,1,TRUE,-N_mRRcfCETgfdK9YaN-
a31-sad,gpt,emotion,,8,4,2,2,0,FALSE,-N_mRRcfCETgfdK9YaN-
h32-excited,human,emotion,19.758,8,4,3,4,1,TRUE,-N_mRRcfCETgfdK9YaN-
a29-cache,gpt,IT,,8,4,2,2,0,FALSE,-N_mRRcfCETgfdK9YaN-
h28-database,human,IT,,8,4,5,1,0,FALSE,-N_mRRcfCETgfdK9YaN-
a19-spoon,gpt,simple,11.534,8,4,1,3,1,TRUE,-N_mRRcfCETgfdK9YaN-
h16-chair,human,simple,6.425,8,4,1,2,1,TRUE,-N_mRRcfCETgfdK9YaN-
a5-happiness,gpt,abstract,12.134,6,5,1,5,1,TRUE,-N_nhLJXZrrVTnzxhQHb
h1-love,human,abstract,6.661,6,5,1,5,1,TRUE,-N_nhLJXZrrVTnzxhQHb
h2-truth,human,abstract,12.777,6,5,1,5,1,TRUE,-N_nhLJXZrrVTnzxhQHb
a33-shock,gpt,emotion,,6,5,3,1,0,FALSE,-N_nhLJXZrrVTnzxhQHb
a21-server,gpt,IT,,6,5,1,2,0,FALSE,-N_nhLJXZrrVTnzxhQHb
h25-decryption,human,IT,,6,5,1,1,0,FALSE,-N_nhLJXZrrVTnzxhQHb
a20-tv,gpt,simple,30.901,6,5,4,4,1,TRUE,-N_nhLJXZrrVTnzxhQHb
h14-portrait,human,simple,4.394,6,5,1,5,1,TRUE,-N_nhLJXZrrVTnzxhQHb
a4-imagination,gpt,abstract,13.723,10,5,1,4,1,TRUE,-N_nlDn5TscmKpjnvNaK
h1-love,human,abstract,8.828,10,5,1,5,1,TRUE,-N_nlDn5TscmKpjnvNaK
h8-forgiveness,human,abstract,17.07,10,5,2,3,1,TRUE,-N_nlDn5TscmKpjnvNaK
a40-satisfied,gpt,emotion,,10,5,0,1,0,FALSE,-N_nlDn5TscmKpjnvNaK
a29-cache,gpt,IT,14.301,10,5,1,4,1,TRUE,-N_nlDn5TscmKpjnvNaK
h25-decryption,human,IT,,10,5,1,1,0,FALSE,-N_nlDn5TscmKpjnvNaK
a15-container,gpt,simple,,10,5,3,1,0,FALSE,-N_nlDn5TscmKpjnvNaK
h18-pencil,human,simple,9.39,10,5,1,5,1,TRUE,-N_nlDn5TscmKpjnvNaK
a4-imagination,gpt,abstract,,4,1,0,1,0,FALSE,-N_nT7GU36GwC7TxDNk_
h6-freedom,human,abstract,15.58,4,1,1,4,1,TRUE,-N_nT7GU36GwC7TxDNk_
a33-shock,gpt,emotion,,4,1,0,1,0,FALSE,-N_nT7GU36GwC7TxDNk_
h35-fear,human,emotion,,4,1,2,3,0,FALSE,-N_nT7GU36GwC7TxDNk_
a29-cache,gpt,IT,,4,1,0,1,0,FALSE,-N_nT7GU36GwC7TxDNk_
h30-compiler,human,IT,,4,1,2,3,0,FALSE,-N_nT7GU36GwC7TxDNk_
a13-nature,gpt,simple,,4,1,0,1,0,FALSE,-N_nT7GU36GwC7TxDNk_
h15-container,human,simple,,4,1,1,3,0,FALSE,-N_nT7GU36GwC7TxDNk_
a4-imagination,gpt,abstract,,3,3,1,3,0,FALSE,-N_wtBW5H466yAOZrrt7
h1-love,human,abstract,5.12,3,3,1,4,1,TRUE,-N_wtBW5H466yAOZrrt7
h2-truth,human,abstract,9.701,3,3,1,4,1,TRUE,-N_wtBW5H466yAOZrrt7
a37-jealous,gpt,emotion,,3,3,4,2,0,FALSE,-N_wtBW5H466yAOZrrt7
a21-server,gpt,IT,,3,3,4,1,0,FALSE,-N_wtBW5H466yAOZrrt7
h25-decryption,human,IT,,3,3,3,1,0,FALSE,-N_wtBW5H466yAOZrrt7
a14-portrait,gpt,simple,,3,3,2,1,0,FALSE,-N_wtBW5H466yAOZrrt7
h18-pencil,human,simple,7.879,3,3,2,4,1,TRUE,-N_wtBW5H466yAOZrrt7
a7-reason,gpt,abstract,,5,3,0,1,0,FALSE,-Na6wZ3qJi7z1eEZddcc
h2-truth,human,abstract,19.945,5,3,1,5,1,TRUE,-Na6wZ3qJi7z1eEZddcc
a31-sad,gpt,emotion,,5,3,1,2,0,FALSE,-Na6wZ3qJi7z1eEZddcc
h38-joy,human,emotion,26.072,5,3,1,5,1,TRUE,-Na6wZ3qJi7z1eEZddcc
a24-array,gpt,IT,,5,3,0,1,0,FALSE,-Na6wZ3qJi7z1eEZddcc
h25-decryption,human,IT,,5,3,0,2,0,FALSE,-Na6wZ3qJi7z1eEZddcc
a14-portrait,gpt,simple,,5,3,0,1,0,FALSE,-Na6wZ3qJi7z1eEZddcc
h18-pencil,human,simple,25.659,5,3,1,5,1,TRUE,-Na6wZ3qJi7z1eEZddcc
a9-empathy,gpt,abstract,,1,1,1,1,0,FALSE,-Na8AJm8QdHn1YiTVuTt
h2-truth,human,abstract,19.948,1,1,2,5,1,TRUE,-Na8AJm8QdHn1YiTVuTt
a32-excited,gpt,emotion,,1,1,0,1,0,FALSE,-Na8AJm8QdHn1YiTVuTt
h40-satisfied,human,emotion,,1,1,4,2,0,FALSE,-Na8AJm8QdHn1YiTVuTt
a30-compiler,gpt,IT,,1,1,0,1,0,FALSE,-Na8AJm8QdHn1YiTVuTt
h28-database,human,IT,,1,1,1,1,0,FALSE,-Na8AJm8QdHn1YiTVuTt
a15-container,gpt,simple,,1,1,0,1,0,FALSE,-Na8AJm8QdHn1YiTVuTt
h19-spoon,human,simple,,1,1,2,1,0,FALSE,-Na8AJm8QdHn1YiTVuTt
a1-love,gpt,abstract,7.726,6,6,1,2,1,TRUE,-NabBowY8J8RBwbrxc2J
a3-prejudice,gpt,abstract,14.017,6,6,1,3,1,TRUE,-NabBowY8J8RBwbrxc2J
h5-happiness,human,abstract,7.585,6,6,1,5,1,TRUE,-NabBowY8J8RBwbrxc2J
h36-angry,human,emotion,3.987,6,6,1,5,1,TRUE,-NabBowY8J8RBwbrxc2J
a26-firewall,gpt,IT,,6,6,0,1,0,FALSE,-NabBowY8J8RBwbrxc2J
h22-download,human,IT,4.298,6,6,1,5,1,TRUE,-NabBowY8J8RBwbrxc2J
a13-nature,gpt,simple,,6,6,0,1,0,FALSE,-NabBowY8J8RBwbrxc2J
h19-spoon,human,simple,4.848,6,6,1,5,1,TRUE,-NabBowY8J8RBwbrxc2J
a3-prejudice,gpt,abstract,,2,5,0,1,0,FALSE,-NaChBBDMQBPtZ0xgsOv
h9-empathy,human,abstract,9.555,2,5,1,3,1,TRUE,-NaChBBDMQBPtZ0xgsOv
a37-jealous,gpt,emotion,13.276,2,5,2,3,1,TRUE,-NaChBBDMQBPtZ0xgsOv
h34-relaxed,human,emotion,5.393,2,5,1,4,1,TRUE,-NaChBBDMQBPtZ0xgsOv
a25-decryption,gpt,IT,,2,5,0,1,0,FALSE,-NaChBBDMQBPtZ0xgsOv
h24-array,human,IT,10.242,2,5,2,2,1,TRUE,-NaChBBDMQBPtZ0xgsOv
a17-lamp,gpt,simple,,2,5,1,1,0,FALSE,-NaChBBDMQBPtZ0xgsOv
h11-bag,human,simple,9.255,2,5,2,2,1,TRUE,-NaChBBDMQBPtZ0xgsOv
a3-prejudice,gpt,abstract,,2,2,1,1,0,FALSE,-NaClW4bvQB4opAJQtaD
h9-empathy,human,abstract,10.29,2,2,1,5,1,TRUE,-NaClW4bvQB4opAJQtaD
a36-angry,gpt,emotion,,2,2,2,1,0,FALSE,-NaClW4bvQB4opAJQtaD
h34-relaxed,human,emotion,,2,2,3,1,0,FALSE,-NaClW4bvQB4opAJQtaD
a26-firewall,gpt,IT,,2,2,3,1,0,FALSE,-NaClW4bvQB4opAJQtaD
h25-decryption,human,IT,,2,2,3,1,0,FALSE,-NaClW4bvQB4opAJQtaD
a15-container,gpt,simple,,2,2,3,1,0,FALSE,-NaClW4bvQB4opAJQtaD
h17-lamp,human,simple,16.356,2,2,1,5,1,TRUE,-NaClW4bvQB4opAJQtaD
a4-imagination,gpt,abstract,14.399,10,5,2,5,1,TRUE,-NaCsXE0UjIZ6Xh7q93o
h8-forgiveness,human,abstract,21.383,10,5,2,5,1,TRUE,-NaCsXE0UjIZ6Xh7q93o
a33-shock,gpt,emotion,,10,5,1,3,0,FALSE,-NaCsXE0UjIZ6Xh7q93o
h37-jealous,human,emotion,9.579,10,5,2,5,1,TRUE,-NaCsXE0UjIZ6Xh7q93o
a25-decryption,gpt,IT,,10,5,4,1,0,FALSE,-NaCsXE0UjIZ6Xh7q93o
h22-download,human,IT,,10,5,3,1,0,FALSE,-NaCsXE0UjIZ6Xh7q93o
a16-chair,gpt,simple,12.715,10,5,2,3,1,TRUE,-NaCsXE0UjIZ6Xh7q93o
h17-lamp,human,simple,9.482,10,5,1,5,1,TRUE,-NaCsXE0UjIZ6Xh7q93o
a4-imagination,gpt,abstract,14.806,3,5,1,3,1,TRUE,-NaCtpzaZ8GsV7T5D24n
h5-happiness,human,abstract,,3,5,2,1,0,FALSE,-NaCtpzaZ8GsV7T5D24n
a33-shock,gpt,emotion,,3,5,1,1,0,FALSE,-NaCtpzaZ8GsV7T5D24n
h36-angry,human,emotion,7.125,3,5,2,4,1,TRUE,-NaCtpzaZ8GsV7T5D24n
a26-firewall,gpt,IT,,3,5,0,1,0,FALSE,-NaCtpzaZ8GsV7T5D24n
h23-hardware,human,IT,3.381,3,5,1,5,1,TRUE,-NaCtpzaZ8GsV7T5D24n
a11-bag,gpt,simple,26.939,3,5,1,1,1,TRUE,-NaCtpzaZ8GsV7T5D24n
h13-nature,human,simple,3.364,3,5,1,5,1,TRUE,-NaCtpzaZ8GsV7T5D24n
a5-happiness,gpt,abstract,20.199,5,4,1,3,1,TRUE,-NaCvPgUoV5zUncugJH-
h10-pleasure,human,abstract,5.61,5,4,1,5,1,TRUE,-NaCvPgUoV5zUncugJH-
a39-gratitude,gpt,emotion,,5,4,2,1,0,FALSE,-NaCvPgUoV5zUncugJH-
h33-shock,human,emotion,,5,4,3,1,0,FALSE,-NaCvPgUoV5zUncugJH-
a24-array,gpt,IT,,5,4,1,1,0,FALSE,-NaCvPgUoV5zUncugJH-
h26-firewall,human,IT,,5,4,2,1,0,FALSE,-NaCvPgUoV5zUncugJH-
a16-chair,gpt,simple,8.78,5,4,1,3,1,TRUE,-NaCvPgUoV5zUncugJH-
h20-tv,human,simple,7.717,5,4,1,5,1,TRUE,-NaCvPgUoV5zUncugJH-
a9-empathy,gpt,abstract,,8,0,1,1,0,FALSE,-NaCvSd1oPkhvz03xj78
h6-freedom,human,abstract,,8,0,4,1,0,FALSE,-NaCvSd1oPkhvz03xj78
a39-gratitude,gpt,emotion,,8,0,2,4,0,FALSE,-NaCvSd1oPkhvz03xj78
h38-joy,human,emotion,,8,0,2,1,0,FALSE,-NaCvSd1oPkhvz03xj78
a22-download,gpt,IT,,8,0,1,5,0,FALSE,-NaCvSd1oPkhvz03xj78
h24-array,human,IT,,8,0,4,5,0,FALSE,-NaCvSd1oPkhvz03xj78
a16-chair,gpt,simple,,8,0,4,1,0,FALSE,-NaCvSd1oPkhvz03xj78
h17-lamp,human,simple,,8,0,3,1,0,FALSE,-NaCvSd1oPkhvz03xj78
a7-reason,gpt,abstract,,5,4,1,1,0,FALSE,-NaCxJ0HKNwQ46levo2z
h10-pleasure,human,abstract,4.51,5,4,1,4,1,TRUE,-NaCxJ0HKNwQ46levo2z
a31-sad,gpt,emotion,13.075,5,4,2,3,1,TRUE,-NaCxJ0HKNwQ46levo2z
h35-fear,human,emotion,,5,4,2,2,0,FALSE,-NaCxJ0HKNwQ46levo2z
a30-compiler,gpt,IT,,5,4,1,2,0,FALSE,-NaCxJ0HKNwQ46levo2z
h21-server,human,IT,13.622,5,4,1,3,1,TRUE,-NaCxJ0HKNwQ46levo2z
a17-lamp,gpt,simple,15.967,5,4,3,3,1,TRUE,-NaCxJ0HKNwQ46levo2z
h15-container,human,simple,,5,4,2,1,0,FALSE,-NaCxJ0HKNwQ46levo2z
a2-truth,gpt,abstract,,1,3,0,1,0,FALSE,-NaCxK-hTj0rLRp2leGM
h1-love,human,abstract,4.388,1,3,2,5,1,TRUE,-NaCxK-hTj0rLRp2leGM
h6-freedom,human,abstract,3.184,1,3,1,5,1,TRUE,-NaCxK-hTj0rLRp2leGM
a38-joy,gpt,emotion,,1,3,0,1,0,FALSE,-NaCxK-hTj0rLRp2leGM
a21-server,gpt,IT,,1,3,0,1,0,FALSE,-NaCxK-hTj0rLRp2leGM
h29-cache,human,IT,,1,3,1,1,0,FALSE,-NaCxK-hTj0rLRp2leGM
a14-portrait,gpt,simple,,1,3,3,1,0,FALSE,-NaCxK-hTj0rLRp2leGM
h18-pencil,human,simple,6.322,1,3,1,4,1,TRUE,-NaCxK-hTj0rLRp2leGM
a4-imagination,gpt,abstract,,3,2,2,3,0,FALSE,-NaD044LE9ZPhE8gmmaH
h5-happiness,human,abstract,,3,2,2,5,0,FALSE,-NaD044LE9ZPhE8gmmaH
a38-joy,gpt,emotion,,3,2,0,1,0,FALSE,-NaD044LE9ZPhE8gmmaH
h36-angry,human,emotion,8.923,3,2,1,5,1,TRUE,-NaD044LE9ZPhE8gmmaH
a21-server,gpt,IT,,3,2,3,1,0,FALSE,-NaD044LE9ZPhE8gmmaH
h27-framework,human,IT,,3,2,4,4,0,FALSE,-NaD044LE9ZPhE8gmmaH
a19-spoon,gpt,simple,,3,2,1,3,0,FALSE,-NaD044LE9ZPhE8gmmaH
h18-pencil,human,simple,17.04,3,2,2,5,1,TRUE,-NaD044LE9ZPhE8gmmaH
a1-love,gpt,abstract,6.003,5,4,1,3,1,TRUE,-NaD0nPv5W0l3v6IpuD6
a5-happiness,gpt,abstract,5.443,5,4,1,3,1,TRUE,-NaD0nPv5W0l3v6IpuD6
h4-imagination,human,abstract,,5,4,1,1,0,FALSE,-NaD0nPv5W0l3v6IpuD6
h34-relaxed,human,emotion,,5,4,1,1,0,FALSE,-NaD0nPv5W0l3v6IpuD6
a22-download,gpt,IT,17.777,5,4,3,3,1,TRUE,-NaD0nPv5W0l3v6IpuD6
h21-server,human,IT,,5,4,1,3,0,FALSE,-NaD0nPv5W0l3v6IpuD6
a16-chair,gpt,simple,5.916,5,4,1,2,1,TRUE,-NaD0nPv5W0l3v6IpuD6
h14-portrait,human,simple,,5,4,3,2,0,FALSE,-NaD0nPv5W0l3v6IpuD6
a9-empathy,gpt,abstract,7.414,6,4,1,5,1,TRUE,-NaDAwJvNaJJ4uBYCKNT
h3-prejudice,human,abstract,,6,4,2,2,0,FALSE,-NaDAwJvNaJJ4uBYCKNT
a35-fear,gpt,emotion,,6,4,0,2,0,FALSE,-NaDAwJvNaJJ4uBYCKNT
h32-excited,human,emotion,8.888,6,4,1,5,1,TRUE,-NaDAwJvNaJJ4uBYCKNT
a21-server,gpt,IT,,6,4,2,1,0,FALSE,-NaDAwJvNaJJ4uBYCKNT
h29-cache,human,IT,,6,4,2,1,0,FALSE,-NaDAwJvNaJJ4uBYCKNT
a12-desk,gpt,simple,12.42,6,4,1,5,1,TRUE,-NaDAwJvNaJJ4uBYCKNT
h14-portrait,human,simple,6.514,6,4,1,4,1,TRUE,-NaDAwJvNaJJ4uBYCKNT
a7-reason,gpt,abstract,,4,4,2,1,0,FALSE,-NaDdO5-mfVZFia3hcAh
h10-pleasure,human,abstract,16.994,4,4,3,4,1,TRUE,-NaDdO5-mfVZFia3hcAh
h1-love,human,abstract,,4,4,5,5,0,FALSE,-NaDdO5-mfVZFia3hcAh
a33-shock,gpt,emotion,16.874,4,4,3,1,1,TRUE,-NaDdO5-mfVZFia3hcAh
a21-server,gpt,IT,,4,4,2,3,0,FALSE,-NaDdO5-mfVZFia3hcAh
h24-array,human,IT,9.017,4,4,1,5,1,TRUE,-NaDdO5-mfVZFia3hcAh
a11-bag,gpt,simple,3.513,4,4,1,5,1,TRUE,-NaDdO5-mfVZFia3hcAh
h15-container,human,simple,,4,4,6,4,0,FALSE,-NaDdO5-mfVZFia3hcAh
a7-reason,gpt,abstract,,7,0,1,5,0,FALSE,-NaDfS1wz-9k5goNSD2i
h4-imagination,human,abstract,,7,0,2,5,0,FALSE,-NaDfS1wz-9k5goNSD2i
a40-satisfied,gpt,emotion,,7,0,0,5,0,FALSE,-NaDfS1wz-9k5goNSD2i
h32-excited,human,emotion,,7,0,1,5,0,FALSE,-NaDfS1wz-9k5goNSD2i
a23-hardware,gpt,IT,,7,0,0,5,0,FALSE,-NaDfS1wz-9k5goNSD2i
h26-firewall,human,IT,,7,0,1,5,0,FALSE,-NaDfS1wz-9k5goNSD2i
a12-desk,gpt,simple,,7,0,1,5,0,FALSE,-NaDfS1wz-9k5goNSD2i
h16-chair,human,simple,,7,0,2,5,0,FALSE,-NaDfS1wz-9k5goNSD2i
a1-love,gpt,abstract,6.44,2,5,1,4,1,TRUE,-NaDgLQKCcqyN8GG_UJT
a2-truth,gpt,abstract,,2,5,0,1,0,FALSE,-NaDgLQKCcqyN8GG_UJT
h5-happiness,human,abstract,22.536,2,5,5,3,1,TRUE,-NaDgLQKCcqyN8GG_UJT
h33-shock,human,emotion,15.177,2,5,4,2,1,TRUE,-NaDgLQKCcqyN8GG_UJT
a27-framework,gpt,IT,,2,5,3,1,0,FALSE,-NaDgLQKCcqyN8GG_UJT
h22-download,human,IT,6.541,2,5,1,5,1,TRUE,-NaDgLQKCcqyN8GG_UJT
a14-portrait,gpt,simple,,2,5,7,2,0,FALSE,-NaDgLQKCcqyN8GG_UJT
h13-nature,human,simple,17.628,2,5,3,4,1,TRUE,-NaDgLQKCcqyN8GG_UJT
a3-prejudice,gpt,abstract,,2,4,0,1,0,FALSE,-NaD-hfzY56LyZNAJl7c
h2-truth,human,abstract,6.123,2,4,1,5,1,TRUE,-NaD-hfzY56LyZNAJl7c
a31-sad,gpt,emotion,16.754,2,4,2,3,1,TRUE,-NaD-hfzY56LyZNAJl7c
h38-joy,human,emotion,3.715,2,4,1,5,1,TRUE,-NaD-hfzY56LyZNAJl7c
a23-hardware,gpt,IT,,2,4,0,1,0,FALSE,-NaD-hfzY56LyZNAJl7c
h26-firewall,human,IT,,2,4,1,1,0,FALSE,-NaD-hfzY56LyZNAJl7c
a17-lamp,gpt,simple,18.28,2,4,1,3,1,TRUE,-NaD-hfzY56LyZNAJl7c
h12-desk,human,simple,,2,4,0,1,0,FALSE,-NaD-hfzY56LyZNAJl7c
a9-empathy,gpt,abstract,,7,4,1,3,0,FALSE,-NaDiJkvqRka9IWn_QX_
h3-prejudice,human,abstract,,7,4,1,5,0,FALSE,-NaDiJkvqRka9IWn_QX_
a36-angry,gpt,emotion,,7,4,0,3,0,FALSE,-NaDiJkvqRka9IWn_QX_
h32-excited,human,emotion,22.912,7,4,2,5,1,TRUE,-NaDiJkvqRka9IWn_QX_
a25-decryption,gpt,IT,,7,4,1,2,0,FALSE,-NaDiJkvqRka9IWn_QX_
h26-firewall,human,IT,9.743,7,4,1,5,1,TRUE,-NaDiJkvqRka9IWn_QX_
a11-bag,gpt,simple,17.06,7,4,1,5,1,TRUE,-NaDiJkvqRka9IWn_QX_
h19-spoon,human,simple,17.714,7,4,1,5,1,TRUE,-NaDiJkvqRka9IWn_QX_
a6-freedom,gpt,abstract,,6,2,0,1,0,FALSE,-NaDkK9yUyigM1HHX2IK
h2-truth,human,abstract,,6,2,1,1,0,FALSE,-NaDkK9yUyigM1HHX2IK
a39-gratitude,gpt,emotion,,6,2,1,1,0,FALSE,-NaDkK9yUyigM1HHX2IK
h34-relaxed,human,emotion,,6,2,4,1,0,FALSE,-NaDkK9yUyigM1HHX2IK
a26-firewall,gpt,IT,11.016,6,2,1,3,1,TRUE,-NaDkK9yUyigM1HHX2IK
h29-cache,human,IT,12.15,6,2,1,3,1,TRUE,-NaDkK9yUyigM1HHX2IK
a14-portrait,gpt,simple,,6,2,2,1,0,FALSE,-NaDkK9yUyigM1HHX2IK
h12-desk,human,simple,,6,2,1,1,0,FALSE,-NaDkK9yUyigM1HHX2IK
a6-freedom,gpt,abstract,,7,6,0,1,0,FALSE,-NaDmD0l_ByneVwvUJ0-
h10-pleasure,human,abstract,3.674,7,6,1,5,1,TRUE,-NaDmD0l_ByneVwvUJ0-
a33-shock,gpt,emotion,,7,6,1,1,0,FALSE,-NaDmD0l_ByneVwvUJ0-
h36-angry,human,emotion,10.453,7,6,2,4,1,TRUE,-NaDmD0l_ByneVwvUJ0-
a22-download,gpt,IT,25.476,7,6,1,2,1,TRUE,-NaDmD0l_ByneVwvUJ0-
h26-firewall,human,IT,12.941,7,6,1,4,1,TRUE,-NaDmD0l_ByneVwvUJ0-
a16-chair,gpt,simple,8.401,7,6,1,3,1,TRUE,-NaDmD0l_ByneVwvUJ0-
h11-bag,human,simple,3.793,7,6,1,5,1,TRUE,-NaDmD0l_ByneVwvUJ0-
a2-truth,gpt,abstract,,6,2,0,1,0,FALSE,-NaDo_BMuwg3l8Q0TY1K
h5-happiness,human,abstract,,6,2,3,3,0,FALSE,-NaDo_BMuwg3l8Q0TY1K
a32-excited,gpt,emotion,,6,2,1,2,0,FALSE,-NaDo_BMuwg3l8Q0TY1K
h34-relaxed,human,emotion,,6,2,4,2,0,FALSE,-NaDo_BMuwg3l8Q0TY1K
a27-framework,gpt,IT,,6,2,2,3,0,FALSE,-NaDo_BMuwg3l8Q0TY1K
h24-array,human,IT,27.059,6,2,2,5,1,TRUE,-NaDo_BMuwg3l8Q0TY1K
a17-lamp,gpt,simple,,6,2,1,2,0,FALSE,-NaDo_BMuwg3l8Q0TY1K
h12-desk,human,simple,7.013,6,2,1,5,1,TRUE,-NaDo_BMuwg3l8Q0TY1K
a2-truth,gpt,abstract,,6,1,0,1,0,FALSE,-NaDO_HU22llZRGqX1ri
h9-empathy,human,abstract,,6,1,0,3,0,FALSE,-NaDO_HU22llZRGqX1ri
a33-shock,gpt,emotion,,6,1,0,2,0,FALSE,-NaDO_HU22llZRGqX1ri
h38-joy,human,emotion,,6,1,1,3,0,FALSE,-NaDO_HU22llZRGqX1ri
a21-server,gpt,IT,,6,1,1,2,0,FALSE,-NaDO_HU22llZRGqX1ri
h22-download,human,IT,,6,1,2,5,0,FALSE,-NaDO_HU22llZRGqX1ri
a15-container,gpt,simple,,6,1,1,3,0,FALSE,-NaDO_HU22llZRGqX1ri
h17-lamp,human,simple,14.08,6,1,1,5,1,TRUE,-NaDO_HU22llZRGqX1ri
a4-imagination,gpt,abstract,30.696,6,3,2,4,1,TRUE,-NaDqNWt-Vqzvinl3IsK
h5-happiness,human,abstract,,6,3,4,3,0,FALSE,-NaDqNWt-Vqzvinl3IsK
a36-angry,gpt,emotion,17.868,6,3,1,5,1,TRUE,-NaDqNWt-Vqzvinl3IsK
h33-shock,human,emotion,,6,3,1,5,0,FALSE,-NaDqNWt-Vqzvinl3IsK
a25-decryption,gpt,IT,,6,3,3,4,0,FALSE,-NaDqNWt-Vqzvinl3IsK
h22-download,human,IT,7.546,6,3,1,5,1,TRUE,-NaDqNWt-Vqzvinl3IsK
a20-tv,gpt,simple,,6,3,5,4,0,FALSE,-NaDqNWt-Vqzvinl3IsK
h13-nature,human,simple,,6,3,4,3,0,FALSE,-NaDqNWt-Vqzvinl3IsK
a5-happiness,gpt,abstract,,3,3,2,4,0,FALSE,-NaDWvHHjr4zV45RBfwe
h9-empathy,human,abstract,5.728,3,3,1,5,1,TRUE,-NaDWvHHjr4zV45RBfwe
a37-jealous,gpt,emotion,,3,3,3,5,0,FALSE,-NaDWvHHjr4zV45RBfwe
h38-joy,human,emotion,,3,3,2,5,0,FALSE,-NaDWvHHjr4zV45RBfwe
a26-firewall,gpt,IT,,3,3,1,2,0,FALSE,-NaDWvHHjr4zV45RBfwe
h25-decryption,human,IT,,3,3,1,2,0,FALSE,-NaDWvHHjr4zV45RBfwe
a11-bag,gpt,simple,11.916,3,3,1,5,1,TRUE,-NaDWvHHjr4zV45RBfwe
h20-tv,human,simple,21.184,3,3,2,5,1,TRUE,-NaDWvHHjr4zV45RBfwe
a1-love,gpt,abstract,22.274,2,5,2,5,1,TRUE,-NaDYCs9WH6Rcwdv-Uqt
a6-freedom,gpt,abstract,,2,5,1,1,0,FALSE,-NaDYCs9WH6Rcwdv-Uqt
h8-forgiveness,human,abstract,27.222,2,5,2,5,1,TRUE,-NaDYCs9WH6Rcwdv-Uqt
h31-sad,human,emotion,5.39,2,5,1,5,1,TRUE,-NaDYCs9WH6Rcwdv-Uqt
a25-decryption,gpt,IT,,2,5,1,1,0,FALSE,-NaDYCs9WH6Rcwdv-Uqt
h23-hardware,human,IT,25.573,2,5,1,5,1,TRUE,-NaDYCs9WH6Rcwdv-Uqt
a20-tv,gpt,simple,,2,5,2,4,0,FALSE,-NaDYCs9WH6Rcwdv-Uqt
h16-chair,human,simple,17.173,2,5,1,5,1,TRUE,-NaDYCs9WH6Rcwdv-Uqt
a5-happiness,gpt,abstract,10.656,5,5,1,4,1,TRUE,-NaFQlBuVW1HATBYKvvd
h10-pleasure,human,abstract,7.472,5,5,1,5,1,TRUE,-NaFQlBuVW1HATBYKvvd
a37-jealous,gpt,emotion,,5,5,3,2,0,FALSE,-NaFQlBuVW1HATBYKvvd
h33-shock,human,emotion,21.928,5,5,2,3,1,TRUE,-NaFQlBuVW1HATBYKvvd
a30-compiler,gpt,IT,,5,5,1,2,0,FALSE,-NaFQlBuVW1HATBYKvvd
h26-firewall,human,IT,20.266,5,5,1,4,1,TRUE,-NaFQlBuVW1HATBYKvvd
a18-pencil,gpt,simple,27.041,5,5,1,4,1,TRUE,-NaFQlBuVW1HATBYKvvd
h16-chair,human,simple,,5,5,2,1,0,FALSE,-NaFQlBuVW1HATBYKvvd
a1-love,gpt,abstract,19.912,2,4,3,1,1,TRUE,-NaFRtJOKH4e5nsIZy03
a8-forgiveness,gpt,abstract,24.673,2,4,2,3,1,TRUE,-NaFRtJOKH4e5nsIZy03
h10-pleasure,human,abstract,,2,4,1,1,0,FALSE,-NaFRtJOKH4e5nsIZy03
h35-fear,human,emotion,,2,4,5,1,0,FALSE,-NaFRtJOKH4e5nsIZy03
a26-firewall,gpt,IT,,2,4,1,1,0,FALSE,-NaFRtJOKH4e5nsIZy03
h24-array,human,IT,,2,4,1,1,0,FALSE,-NaFRtJOKH4e5nsIZy03
a12-desk,gpt,simple,23.328,2,4,2,1,1,TRUE,-NaFRtJOKH4e5nsIZy03
h18-pencil,human,simple,12.305,2,4,2,1,1,TRUE,-NaFRtJOKH4e5nsIZy03
a5-happiness,gpt,abstract,,6,4,0,1,0,FALSE,-NaG8QFCDJJS9FFItXex
h6-freedom,human,abstract,6.691,6,4,1,4,1,TRUE,-NaG8QFCDJJS9FFItXex
a39-gratitude,gpt,emotion,,6,4,0,1,0,FALSE,-NaG8QFCDJJS9FFItXex
h38-joy,human,emotion,5.31,6,4,1,5,1,TRUE,-NaG8QFCDJJS9FFItXex
a29-cache,gpt,IT,,6,4,0,1,0,FALSE,-NaG8QFCDJJS9FFItXex
h21-server,human,IT,14.976,6,4,1,3,1,TRUE,-NaG8QFCDJJS9FFItXex
a13-nature,gpt,simple,,6,4,1,1,0,FALSE,-NaG8QFCDJJS9FFItXex
h19-spoon,human,simple,5.154,6,4,1,5,1,TRUE,-NaG8QFCDJJS9FFItXex
a1-love,gpt,abstract,6.032,8,4,1,4,1,TRUE,-NaGQlAPTFw7T1G6U0LW
a7-reason,gpt,abstract,,8,4,5,2,0,FALSE,-NaGQlAPTFw7T1G6U0LW
h10-pleasure,human,abstract,7.8,8,4,1,4,1,TRUE,-NaGQlAPTFw7T1G6U0LW
h39-gratitude,human,emotion,,8,4,2,2,0,FALSE,-NaGQlAPTFw7T1G6U0LW
a23-hardware,gpt,IT,13.882,8,4,1,4,1,TRUE,-NaGQlAPTFw7T1G6U0LW
h28-database,human,IT,6.406,8,4,1,4,1,TRUE,-NaGQlAPTFw7T1G6U0LW
a15-container,gpt,simple,,8,4,6,3,0,FALSE,-NaGQlAPTFw7T1G6U0LW
h11-bag,human,simple,,8,4,5,2,0,FALSE,-NaGQlAPTFw7T1G6U0LW
a10-pleasure,gpt,abstract,,2,4,3,2,0,FALSE,-NaiBdm4EaFRAdr-1PZ6
h5-happiness,human,abstract,,2,4,0,2,0,FALSE,-NaiBdm4EaFRAdr-1PZ6
a33-shock,gpt,emotion,20.523,2,4,3,4,1,TRUE,-NaiBdm4EaFRAdr-1PZ6
h35-fear,human,emotion,3.877,2,4,1,5,1,TRUE,-NaiBdm4EaFRAdr-1PZ6
a21-server,gpt,IT,,2,4,2,2,0,FALSE,-NaiBdm4EaFRAdr-1PZ6
h24-array,human,IT,,2,4,0,1,0,FALSE,-NaiBdm4EaFRAdr-1PZ6
a16-chair,gpt,simple,15.979,2,4,3,4,1,TRUE,-NaiBdm4EaFRAdr-1PZ6
h14-portrait,human,simple,4.919,2,4,1,5,1,TRUE,-NaiBdm4EaFRAdr-1PZ6
a9-empathy,gpt,abstract,,6,2,0,2,0,FALSE,-NaJoyMWOREx5v02C0Kl
h5-happiness,human,abstract,,6,2,2,4,0,FALSE,-NaJoyMWOREx5v02C0Kl
a40-satisfied,gpt,emotion,,6,2,0,4,0,FALSE,-NaJoyMWOREx5v02C0Kl
h31-sad,human,emotion,,6,2,1,3,0,FALSE,-NaJoyMWOREx5v02C0Kl
a25-decryption,gpt,IT,,6,2,0,2,0,FALSE,-NaJoyMWOREx5v02C0Kl
h27-framework,human,IT,23.7,6,2,1,5,1,TRUE,-NaJoyMWOREx5v02C0Kl
a11-bag,gpt,simple,18.596,6,2,1,4,1,TRUE,-NaJoyMWOREx5v02C0Kl
h17-lamp,human,simple,,6,2,1,5,0,FALSE,-NaJoyMWOREx5v02C0Kl
a8-forgiveness,gpt,abstract,20.559,2,4,1,4,1,TRUE,-NaNgA4InzqbXmzdYpy1
h1-love,human,abstract,,2,4,7,5,0,FALSE,-NaNgA4InzqbXmzdYpy1
h6-freedom,human,abstract,8.189,2,4,1,5,1,TRUE,-NaNgA4InzqbXmzdYpy1
a37-jealous,gpt,emotion,,2,4,2,3,0,FALSE,-NaNgA4InzqbXmzdYpy1
a29-cache,gpt,IT,,2,4,1,1,0,FALSE,-NaNgA4InzqbXmzdYpy1
h23-hardware,human,IT,5.886,2,4,1,5,1,TRUE,-NaNgA4InzqbXmzdYpy1
a15-container,gpt,simple,,2,4,1,4,0,FALSE,-NaNgA4InzqbXmzdYpy1
h16-chair,human,simple,7.952,2,4,2,2,1,TRUE,-NaNgA4InzqbXmzdYpy1
a1-love,gpt,abstract,4.511,2,7,1,5,1,TRUE,-NaNhPnhxALLw_6M0afp
a6-freedom,gpt,abstract,13.03,2,7,1,4,1,TRUE,-NaNhPnhxALLw_6M0afp
h10-pleasure,human,abstract,7.536,2,7,1,5,1,TRUE,-NaNhPnhxALLw_6M0afp
h40-satisfied,human,emotion,10.108,2,7,2,3,1,TRUE,-NaNhPnhxALLw_6M0afp
a23-hardware,gpt,IT,20.904,2,7,2,2,1,TRUE,-NaNhPnhxALLw_6M0afp
h26-firewall,human,IT,4.561,2,7,1,5,1,TRUE,-NaNhPnhxALLw_6M0afp
a15-container,gpt,simple,5.605,2,7,1,2,1,TRUE,-NaNhPnhxALLw_6M0afp
h13-nature,human,simple,,2,7,5,1,0,FALSE,-NaNhPnhxALLw_6M0afp
a10-pleasure,gpt,abstract,,7,5,1,1,0,FALSE,-Naq_74JdSuyjbuonGzi
h7-reason,human,abstract,15.001,7,5,3,3,1,TRUE,-Naq_74JdSuyjbuonGzi
a36-angry,gpt,emotion,,7,5,2,2,0,FALSE,-Naq_74JdSuyjbuonGzi
h32-excited,human,emotion,4.837,7,5,1,5,1,TRUE,-Naq_74JdSuyjbuonGzi
a26-firewall,gpt,IT,,7,5,0,2,0,FALSE,-Naq_74JdSuyjbuonGzi
h29-cache,human,IT,6.149,7,5,2,4,1,TRUE,-Naq_74JdSuyjbuonGzi
a19-spoon,gpt,simple,6.142,7,5,1,4,1,TRUE,-Naq_74JdSuyjbuonGzi
h17-lamp,human,simple,3.358,7,5,1,5,1,TRUE,-Naq_74JdSuyjbuonGzi
a9-empathy,gpt,abstract,,3,3,1,2,0,FALSE,-NaqadIOkMdWs4aOLvZX
h6-freedom,human,abstract,11.961,3,3,1,5,1,TRUE,-NaqadIOkMdWs4aOLvZX
a31-sad,gpt,emotion,,3,3,0,1,0,FALSE,-NaqadIOkMdWs4aOLvZX
h35-fear,human,emotion,24.944,3,3,1,4,1,TRUE,-NaqadIOkMdWs4aOLvZX
a25-decryption,gpt,IT,,3,3,1,1,0,FALSE,-NaqadIOkMdWs4aOLvZX
h24-array,human,IT,,3,3,0,1,0,FALSE,-NaqadIOkMdWs4aOLvZX
a20-tv,gpt,simple,,3,3,2,1,0,FALSE,-NaqadIOkMdWs4aOLvZX
h19-spoon,human,simple,7.562,3,3,1,5,1,TRUE,-NaqadIOkMdWs4aOLvZX
a9-empathy,gpt,abstract,6.512,2,3,1,5,1,TRUE,-NaqZ3y6jmLZbYrFywlC
h3-prejudice,human,abstract,,2,3,2,3,0,FALSE,-NaqZ3y6jmLZbYrFywlC
a37-jealous,gpt,emotion,,2,3,1,2,0,FALSE,-NaqZ3y6jmLZbYrFywlC
h34-relaxed,human,emotion,17.364,2,3,6,4,1,TRUE,-NaqZ3y6jmLZbYrFywlC
a28-database,gpt,IT,,2,3,0,1,0,FALSE,-NaqZ3y6jmLZbYrFywlC
h29-cache,human,IT,,2,3,0,1,0,FALSE,-NaqZ3y6jmLZbYrFywlC
a11-bag,gpt,simple,7.33,2,3,1,5,1,TRUE,-NaqZ3y6jmLZbYrFywlC
h19-spoon,human,simple,,2,3,2,2,0,FALSE,-NaqZ3y6jmLZbYrFywlC
a2-truth,gpt,abstract,27.578,2,4,1,3,1,TRUE,-NaRI4LLSU0c90tQBYwc
h5-happiness,human,abstract,9.95,2,4,1,5,1,TRUE,-NaRI4LLSU0c90tQBYwc
a31-sad,gpt,emotion,,2,4,1,4,0,FALSE,-NaRI4LLSU0c90tQBYwc
h32-excited,human,emotion,9.999,2,4,1,4,1,TRUE,-NaRI4LLSU0c90tQBYwc
a24-array,gpt,IT,,2,4,0,1,0,FALSE,-NaRI4LLSU0c90tQBYwc
h27-framework,human,IT,,2,4,2,1,0,FALSE,-NaRI4LLSU0c90tQBYwc
a13-nature,gpt,simple,,2,4,0,1,0,FALSE,-NaRI4LLSU0c90tQBYwc
h17-lamp,human,simple,10.459,2,4,2,4,1,TRUE,-NaRI4LLSU0c90tQBYwc
a3-prejudice,gpt,abstract,15.994,3,6,1,3,1,TRUE,-Nas0trgX6uI8hpWyWST
h6-freedom,human,abstract,4.011,3,6,1,5,1,TRUE,-Nas0trgX6uI8hpWyWST
a40-satisfied,gpt,emotion,23.147,3,6,2,2,1,TRUE,-Nas0trgX6uI8hpWyWST
h37-jealous,human,emotion,5.877,3,6,1,4,1,TRUE,-Nas0trgX6uI8hpWyWST
a21-server,gpt,IT,,3,6,0,1,0,FALSE,-Nas0trgX6uI8hpWyWST
h25-decryption,human,IT,,3,6,0,1,0,FALSE,-Nas0trgX6uI8hpWyWST
a17-lamp,gpt,simple,6.446,3,6,2,3,1,TRUE,-Nas0trgX6uI8hpWyWST
h11-bag,human,simple,10.473,3,6,3,3,1,TRUE,-Nas0trgX6uI8hpWyWST
a4-imagination,gpt,abstract,,2,4,0,1,0,FALSE,-Nas2zARdI27UemKfz9k
h10-pleasure,human,abstract,4.932,2,4,1,5,1,TRUE,-Nas2zARdI27UemKfz9k
a32-excited,gpt,emotion,,2,4,0,2,0,FALSE,-Nas2zARdI27UemKfz9k
h33-shock,human,emotion,14.69,2,4,1,4,1,TRUE,-Nas2zARdI27UemKfz9k
a22-download,gpt,IT,,2,4,0,1,0,FALSE,-Nas2zARdI27UemKfz9k
h25-decryption,human,IT,,2,4,1,1,0,FALSE,-Nas2zARdI27UemKfz9k
a12-desk,gpt,simple,3.625,2,4,1,5,1,TRUE,-Nas2zARdI27UemKfz9k
h13-nature,human,simple,11.432,2,4,2,4,1,TRUE,-Nas2zARdI27UemKfz9k
a10-pleasure,gpt,abstract,,7,7,3,2,0,FALSE,-NaWF5rIGD1k44efHrsp
h4-imagination,human,abstract,3.779,7,7,1,4,1,TRUE,-NaWF5rIGD1k44efHrsp
a31-sad,gpt,emotion,11.049,7,7,3,4,1,TRUE,-NaWF5rIGD1k44efHrsp
h40-satisfied,human,emotion,10.788,7,7,1,4,1,TRUE,-NaWF5rIGD1k44efHrsp
a23-hardware,gpt,IT,5.238,7,7,1,5,1,TRUE,-NaWF5rIGD1k44efHrsp
h29-cache,human,IT,8.746,7,7,1,4,1,TRUE,-NaWF5rIGD1k44efHrsp
a17-lamp,gpt,simple,9.619,7,7,2,5,1,TRUE,-NaWF5rIGD1k44efHrsp
h11-bag,human,simple,12.106,7,7,3,4,1,TRUE,-NaWF5rIGD1k44efHrsp
a3-prejudice,gpt,abstract,,2,5,2,3,0,FALSE,-NaWG1s-fRc4Cxti_B6h
h2-truth,human,abstract,4.35,2,5,1,5,1,TRUE,-NaWG1s-fRc4Cxti_B6h
a33-shock,gpt,emotion,6.37,2,5,1,5,1,TRUE,-NaWG1s-fRc4Cxti_B6h
h38-joy,human,emotion,3.708,2,5,1,4,1,TRUE,-NaWG1s-fRc4Cxti_B6h
a26-firewall,gpt,IT,,2,5,0,1,0,FALSE,-NaWG1s-fRc4Cxti_B6h
h28-database,human,IT,,2,5,0,1,0,FALSE,-NaWG1s-fRc4Cxti_B6h
a12-desk,gpt,simple,4.39,2,5,1,4,1,TRUE,-NaWG1s-fRc4Cxti_B6h
h16-chair,human,simple,2.868,2,5,1,5,1,TRUE,-NaWG1s-fRc4Cxti_B6h
a7-reason,gpt,abstract,,3,5,1,1,0,FALSE,-NaWGnmo4ujhkVgPs8SS
h8-forgiveness,human,abstract,,3,5,3,4,0,FALSE,-NaWGnmo4ujhkVgPs8SS
a37-jealous,gpt,emotion,28.39,3,5,4,4,1,TRUE,-NaWGnmo4ujhkVgPs8SS
h39-gratitude,human,emotion,5.999,3,5,1,4,1,TRUE,-NaWGnmo4ujhkVgPs8SS
a22-download,gpt,IT,13.341,3,5,1,2,1,TRUE,-NaWGnmo4ujhkVgPs8SS
h21-server,human,IT,6.302,3,5,1,2,1,TRUE,-NaWGnmo4ujhkVgPs8SS
a19-spoon,gpt,simple,,3,5,1,2,0,FALSE,-NaWGnmo4ujhkVgPs8SS
h13-nature,human,simple,10.721,3,5,2,4,1,TRUE,-NaWGnmo4ujhkVgPs8SS
a5-happiness,gpt,abstract,7.559,8,8,1,3,1,TRUE,-NaWH33NndKxMmd1akPc
h6-freedom,human,abstract,3.644,8,8,1,5,1,TRUE,-NaWH33NndKxMmd1akPc
a39-gratitude,gpt,emotion,4.747,8,8,1,4,1,TRUE,-NaWH33NndKxMmd1akPc
h34-relaxed,human,emotion,5.21,8,8,1,5,1,TRUE,-NaWH33NndKxMmd1akPc
a30-compiler,gpt,IT,7.363,8,8,1,4,1,TRUE,-NaWH33NndKxMmd1akPc
h29-cache,human,IT,3.281,8,8,1,4,1,TRUE,-NaWH33NndKxMmd1akPc
a12-desk,gpt,simple,5.745,8,8,1,4,1,TRUE,-NaWH33NndKxMmd1akPc
h19-spoon,human,simple,3.53,8,8,1,5,1,TRUE,-NaWH33NndKxMmd1akPc
a5-happiness,gpt,abstract,,5,4,0,1,0,FALSE,-NbAImcqAyXFU-EtVYfx
h2-truth,human,abstract,4.548,5,4,1,5,1,TRUE,-NbAImcqAyXFU-EtVYfx
a32-excited,gpt,emotion,,5,4,0,1,0,FALSE,-NbAImcqAyXFU-EtVYfx
h38-joy,human,emotion,,5,4,3,2,0,FALSE,-NbAImcqAyXFU-EtVYfx
a22-download,gpt,IT,,5,4,0,1,0,FALSE,-NbAImcqAyXFU-EtVYfx
h23-hardware,human,IT,5.441,5,4,1,5,1,TRUE,-NbAImcqAyXFU-EtVYfx
a20-tv,gpt,simple,6.117,5,4,1,3,1,TRUE,-NbAImcqAyXFU-EtVYfx
h17-lamp,human,simple,7.002,5,4,2,5,1,TRUE,-NbAImcqAyXFU-EtVYfx
a1-love,gpt,abstract,4.728,8,6,1,4,1,TRUE,-NbFPHuhy3aTN2dT_IIl
a6-freedom,gpt,abstract,8.544,8,6,1,5,1,TRUE,-NbFPHuhy3aTN2dT_IIl
h5-happiness,human,abstract,22.092,8,6,4,4,1,TRUE,-NbFPHuhy3aTN2dT_IIl
h39-gratitude,human,emotion,,8,6,0,3,0,FALSE,-NbFPHuhy3aTN2dT_IIl
a29-cache,gpt,IT,,8,6,0,4,0,FALSE,-NbFPHuhy3aTN2dT_IIl
h24-array,human,IT,2.763,8,6,1,5,1,TRUE,-NbFPHuhy3aTN2dT_IIl
a17-lamp,gpt,simple,6.656,8,6,1,5,1,TRUE,-NbFPHuhy3aTN2dT_IIl
h14-portrait,human,simple,4.319,8,6,1,4,1,TRUE,-NbFPHuhy3aTN2dT_IIl
a9-empathy,gpt,abstract,4.588,5,7,1,5,1,TRUE,-NbFPwnCEDOO-ES3FBU1
h8-forgiveness,human,abstract,9.006,5,7,2,5,1,TRUE,-NbFPwnCEDOO-ES3FBU1
a40-satisfied,gpt,emotion,,5,7,3,3,0,FALSE,-NbFPwnCEDOO-ES3FBU1
h35-fear,human,emotion,4.032,5,7,1,5,1,TRUE,-NbFPwnCEDOO-ES3FBU1
a28-database,gpt,IT,24.093,5,7,1,4,1,TRUE,-NbFPwnCEDOO-ES3FBU1
h21-server,human,IT,7.383,5,7,1,4,1,TRUE,-NbFPwnCEDOO-ES3FBU1
a20-tv,gpt,simple,10.906,5,7,2,4,1,TRUE,-NbFPwnCEDOO-ES3FBU1
h12-desk,human,simple,3.613,5,7,1,5,1,TRUE,-NbFPwnCEDOO-ES3FBU1
a4-imagination,gpt,abstract,,4,3,0,2,0,FALSE,-NbFRMxih6Z6A5SubbtP
h5-happiness,human,abstract,5.834,4,3,2,5,1,TRUE,-NbFRMxih6Z6A5SubbtP
a40-satisfied,gpt,emotion,,4,3,3,3,0,FALSE,-NbFRMxih6Z6A5SubbtP
h37-jealous,human,emotion,7.799,4,3,2,4,1,TRUE,-NbFRMxih6Z6A5SubbtP
a30-compiler,gpt,IT,,4,3,0,1,0,FALSE,-NbFRMxih6Z6A5SubbtP
h27-framework,human,IT,,4,3,4,2,0,FALSE,-NbFRMxih6Z6A5SubbtP
a16-chair,gpt,simple,,4,3,2,3,0,FALSE,-NbFRMxih6Z6A5SubbtP
h20-tv,human,simple,7.779,4,3,2,4,1,TRUE,-NbFRMxih6Z6A5SubbtP
a10-pleasure,gpt,abstract,,4,4,0,2,0,FALSE,-NbFSZt-l0ngYYLu4d0_
h1-love,human,abstract,5.297,4,4,1,5,1,TRUE,-NbFSZt-l0ngYYLu4d0_
h4-imagination,human,abstract,,4,4,1,2,0,FALSE,-NbFSZt-l0ngYYLu4d0_
a40-satisfied,gpt,emotion,,4,4,1,2,0,FALSE,-NbFSZt-l0ngYYLu4d0_
a24-array,gpt,IT,,4,4,0,3,0,FALSE,-NbFSZt-l0ngYYLu4d0_
h29-cache,human,IT,9.553,4,4,1,5,1,TRUE,-NbFSZt-l0ngYYLu4d0_
a15-container,gpt,simple,9.161,4,4,2,4,1,TRUE,-NbFSZt-l0ngYYLu4d0_
h13-nature,human,simple,8.137,4,4,2,4,1,TRUE,-NbFSZt-l0ngYYLu4d0_
a6-freedom,gpt,abstract,,6,5,1,2,0,FALSE,-NbGuVJJezXS7Upz11Ys
h2-truth,human,abstract,4.731,6,5,1,5,1,TRUE,-NbGuVJJezXS7Upz11Ys
a36-angry,gpt,emotion,16.475,6,5,1,4,1,TRUE,-NbGuVJJezXS7Upz11Ys
h33-shock,human,emotion,4.813,6,5,1,5,1,TRUE,-NbGuVJJezXS7Upz11Ys
a30-compiler,gpt,IT,,6,5,0,1,0,FALSE,-NbGuVJJezXS7Upz11Ys
h26-firewall,human,IT,10.38,6,5,1,4,1,TRUE,-NbGuVJJezXS7Upz11Ys
a13-nature,gpt,simple,,6,5,0,1,0,FALSE,-NbGuVJJezXS7Upz11Ys
h17-lamp,human,simple,9.618,6,5,2,5,1,TRUE,-NbGuVJJezXS7Upz11Ys
